Workbook

Sheet Master
A1: Date | B1: Gold Price | C1: USD | D1: Brent | E1: Repo | F1: CPI | G1: Lag 1
A2: 42370 | B2: 24943 | C2: 66.3 | D2: 36 | E2: 6.75 | F2: =_xlfn.XLOOKUP(A2, CPI!D:D, CPI!C:C, "", -1) -> 5.69 | G2: 0
A3: 42373 | B3: 25423 | C3: 66.43 | D3: =_xlfn.XLOOKUP(A3, Brent!A:A, Brent!B:B, "") -> 36.28 | E3: 6.75 | F3: =_xlfn.XLOOKUP( A3, CPI!D:D, CPI!C:C, "", -1 ) -> 5.69 | G3: 24943
A4: 42374 | B4: 25430 | C4: 66.59 | D4: =_xlfn.XLOOKUP(A4, Brent!A:A, Brent!B:B, "") -> 35.56 | E4: 6.75 | F4: =_xlfn.XLOOKUP( A4, CPI!D:D, CPI!C:C, "", -1 ) -> 5.69 | G4: 25423
A5: 42375 | B5: 25756 | C5: 66.7 | D5: =_xlfn.XLOOKUP(A5, Brent!A:A, Brent!B:B, "") -> 33.89 | E5: 6.75 | F5: =_xlfn.XLOOKUP( A5, CPI!D:D, CPI!C:C, "", -1 ) -> 5.69 | G5: 25430
A6: 42376 | B6: 26106 | C6: 66.85 | D6: =_xlfn.XLOOKUP(A6, Brent!A:A, Brent!B:B, "") -> 33.57 | E6: 6.75 | F6: =_xlfn.XLOOKUP( A6, CPI!D:D, CPI!C:C, "", -1 ) -> 5.69 | G6: 25756
A7: 42377 | B7: 25989 | C7: 66.79 | D7: =_xlfn.XLOOKUP(A7, Brent!A:A, Brent!B:B, "") -> 31.67 | E7: 6.75 | F7: =_xlfn.XLOOKUP( A7, CPI!D:D, CPI!C:C, "", -1 ) -> 5.69 | G7: 26106
A8: 42380 | B8: 25877 | C8: 66.78 | D8: =_xlfn.XLOOKUP(A8, Brent!A:A, Brent!B:B, "") -> 30.14 | E8: 6.75 | F8: =_xlfn.XLOOKUP( A8, CPI!D:D, CPI!C:C, "", -1 ) -> 5.69 | G8: 25989
A9: 42381 | B9: 25689 | C9: 66.9 | D9: =_xlfn.XLOOKUP(A9, Brent!A:A, Brent!B:B, "") -> 29.14 | E9: 6.75 | F9: =_xlfn.XLOOKUP( A9, CPI!D:D, CPI!C:C, "", -1 ) -> 5.69 | G9: 25877
A10: 42382 | B10: 25750 | C10: 66.91 | D10: =_xlfn.XLOOKUP(A10, Brent!A:A, Brent!B:B, "") -> 28.58 | E10: 6.75 | F10: =_xlfn.XLOOKUP( A10, CPI!D:D, CPI!C:C, "", -1 ) -> 5.69 | G10: 25689
A11: 42383 | B11: 25652 | C11: 66.17 | D11: =_xlfn.XLOOKUP(A11, Brent!A:A, Brent!B:B, "") -> 28.84 | E11: 6.75 | F11: =_xlfn.XLOOKUP( A11, CPI!D:D, CPI!C:C, "", -1 ) -> 5.69 | G11: 25750
A12: 42384 | B12: 26126 | C12: 66.61 | D12: =_xlfn.XLOOKUP(A12, Brent!A:A, Brent!B:B, "") -> 28.8 | E12: 6.75 | F12: =_xlfn.XLOOKUP( A12, CPI!D:D, CPI!C:C, "", -1 ) -> 5.69 | G12: 25652
A13: 42387 | B13: 26070 | C13: 66.73 | D13: =_xlfn.XLOOKUP(A13, Brent!A:A, Brent!B:B, "") -> 27.36 | E13: 6.75 | F13: =_xlfn.XLOOKUP( A13, CPI!D:D, CPI!C:C, "", -1 ) -> 5.69 | G13: 26126
A14: 42388 | B14: 26064 | C14: 66.71 | D14: =_xlfn.XLOOKUP(A14, Brent!A:A, Brent!B:B, "") -> 27.36 | E14: 6.75 | F14: =_xlfn.XLOOKUP( A14, CPI!D:D, CPI!C:C, "", -1 ) -> 5.69 | G14: 26070
... A16: 42390 | B16: 26190 | C16: 66.84 | D16: =_xlfn.XLOOKUP(A16, Brent!A:A, Brent!B:B, "") -> 27.59 | E16: 6.75 | F16: =_xlfn.XLOOKUP( A16, CPI!D:D, CPI!C:C, "", -1 ) -> 5.69 | G16: 26563
A17: 42391 | B17: 26168 | C17: =_xlfn.XLOOKUP(A17, USD!A:A, USD!B:B, "") -> 67.549 | D17: =_xlfn.XLOOKUP(A17, Brent!A:A, Brent!B:B, "") -> 30.46 | E17: 6.75 | F17: =_xlfn.XLOOKUP( A17, CPI!D:D, CPI!C:C, "", -1 ) -> 5.69 | G17: 26190
A18: 42394 | B18: 26391 | C18: =_xlfn.XLOOKUP(A18, USD!A:A, USD!B:B, "") -> 67.755 | D18: =_xlfn.XLOOKUP(A18, Brent!A:A, Brent!B:B, "") -> 29.82 | E18: 6.75 | F18: =_xlfn.XLOOKUP( A18, CPI!D:D, CPI!C:C, "", -1 ) -> 5.69 | G18: 26168
A19: 42396 | B19: 26736 | C19: =_xlfn.XLOOKUP(A19, USD!A:A, USD!B:B, "") -> 68.144 | D19: =_xlfn.XLOOKUP(A19, Brent!A:A, Brent!B:B, "") -> 31.83 | E19: 6.75 | F19: =_xlfn.XLOOKUP( A19, CPI!D:D, CPI!C:C, "", -1 ) -> 5.69 | G19: 26391
A20: 42397 | B20: 26701 | C20: =_xlfn.XLOOKUP(A20, USD!A:A, USD!B:B, "") -> 68.053 | D20: =_xlfn.XLOOKUP(A20, Brent!A:A, Brent!B:B, "") -> 33.01 | E20: 6.75 | F20: =_xlfn.XLOOKUP( A20, CPI!D:D, CPI!C:C, "", -1 ) -> 5.69 | G20: 26736
A21: 42398 | B21: 26709 | C21: =_xlfn.XLOOKUP(A21, USD!A:A, USD!B:B, "") -> 67.878 | D21: =_xlfn.XLOOKUP(A21, Brent!A:A, Brent!B:B, "") -> 33.14 | E21: 6.75 | F21: =_xlfn.XLOOKUP( A21, CPI!D:D, CPI!C:C, "", -1 ) -> 5.69 | G21: 26701
A22: 42401 | B22: 26973 | C22: =_xlfn.XLOOKUP(A22, USD!A:A, USD!B:B, "") -> 67.835 | D22: =_xlfn.XLOOKUP(A22, Brent!A:A, Brent!B:B, "") -> 32.45 | E22: 6.75 | F22: =_xlfn.XLOOKUP( A22, CPI!D:D, CPI!C:C, "", -1 ) -> 5.26 | G22: 26709
A23: 42402 | B23: 27008 | C23: =_xlfn.XLOOKUP(A23, USD!A:A, USD!B:B, "") -> 67.975 | D23: =_xlfn.XLOOKUP(A23, Brent!A:A, Brent!B:B, "") -> 30.98 | E23: 6.75 | F23: =_xlfn.XLOOKUP( A23, CPI!D:D, CPI!C:C, "", -1 ) -> 5.26 | G23: 26973
A24: 42403 | B24: 27285 | C24: =_xlfn.XLOOKUP(A24, USD!A:A, USD!B:B, "") -> 67.934 | D24: =_xlfn.XLOOKUP(A24, Brent!A:A, Brent!B:B, "") -> 32.38 | E24: 6.75 | F24: =_xlfn.XLOOKUP( A24, CPI!D:D, CPI!C:C, "", -1 ) -> 5.26 | G24: 27008
A25: 42404 | B25: 27656 | C25: =_xlfn.XLOOKUP(A25, USD!A:A, USD!B:B, "") -> 67.544 | D25: =_xlfn.XLOOKUP(A25, Brent!A:A, Brent!B:B, "") -> 32.76 | E25: 6.75 | F25: =_xlfn.XLOOKUP( A25, CPI!D:D, CPI!C:C, "", -1 ) -> 5.26 | G25: 27285
A26: 42405 | B26: 27568 | C26: =_xlfn.XLOOKUP(A26, USD!A:A, USD!B:B, "") -> 67.81 | D26: =_xlfn.XLOOKUP(A26, Brent!A:A, Brent!B:B, "") -> 32.35 | E26: 6.75 | F26: =_xlfn.XLOOKUP( A26, CPI!D:D, CPI!C:C, "", -1 ) -> 5.26 | G26: 27656
A27: 42408 | B27: 28367 | C27: =_xlfn.XLOOKUP(A27, USD!A:A, USD!B:B, "") -> 68.034 | D27: =_xlfn.XLOOKUP(A27, Brent!A:A, Brent!B:B, "") -> 31.64 | E27: 6.75 | F27: =_xlfn.XLOOKUP( A27, CPI!D:D, CPI!C:C, "", -1 ) -> 5.26 | G27: 27568
A28: 42409 | B28: 28325 | C28: =_xlfn.XLOOKUP(A28, USD!A:A, USD!B:B, "") -> 67.901 | D28: =_xlfn.XLOOKUP(A28, Brent!A:A, Brent!B:B, "") -> 30.15 | E28: 6.75 | F28: =_xlfn.XLOOKUP( A28, CPI!D:D, CPI!C:C, "", -1 ) -> 5.26 | G28: 28367
... A40: 42426 | B40: 29290 | C40: =_xlfn.XLOOKUP(A40, USD!A:A, USD!B:B, "") -> 68.737 | D40: =_xlfn.XLOOKUP(A40, Brent!A:A, Brent!B:B, "") -> 35.76 | E40: 6.75 | F40: =_xlfn.XLOOKUP( A40, CPI!D:D, CPI!C:C, "", -1 ) -> 5.26 | G40: 29735
A41: 42429 | B41: 29437 | C41: =_xlfn.XLOOKUP(A41, USD!A:A, USD!B:B, "") -> 68.208 | D41: =_xlfn.XLOOKUP(A41, Brent!A:A, Brent!B:B, "") -> 35.92 | E41: =_xlfn.XLOOKUP(A41, Repo!A:A, Repo!B:B, "") -> 6.75 | F41: =_xlfn.XLOOKUP( A41, CPI!D:D, CPI!C:C, "", -1 ) -> 5.26 | G41: 29290
A42: 42430 | B42: 29097 | C42: =_xlfn.XLOOKUP(A42, USD!A:A, USD!B:B, "") -> 67.753 | D42: =_xlfn.XLOOKUP(A42, Brent!A:A, Brent!B:B, "") -> 35.73 | E42: 6.75 | F42: =_xlfn.XLOOKUP( A42, CPI!D:D, CPI!C:C, "", -1 ) -> 4.83 | G42: 29437
A43: 42431 | B43: 29219 | C43: =_xlfn.XLOOKUP(A43, USD!A:A, USD!B:B, "") -> 67.395 | D43: =_xlfn.XLOOKUP(A43, Brent!A:A, Brent!B:B, "") -> 36.38 | E43: 6.75 | F43: =_xlfn.XLOOKUP( A43, CPI!D:D, CPI!C:C, "", -1 ) -> 4.83 | G43: 29097
A44: 42432 | B44: 29381 | C44: =_xlfn.XLOOKUP(A44, USD!A:A, USD!B:B, "") -> 67.122 | D44: =_xlfn.XLOOKUP(A44, Brent!A:A, Brent!B:B, "") -> 35.75 | E44: 6.75 | F44: =_xlfn.XLOOKUP( A44, CPI!D:D, CPI!C:C, "", -1 ) -> 4.83 | G44: 29219
A45: 42433 | B45: 29519 | C45: =_xlfn.XLOOKUP(A45, USD!A:A, USD!B:B, "") -> 66.938 | D45: =_xlfn.XLOOKUP(A45, Brent!A:A, Brent!B:B, "") -> 37.61 | E45: 6.75 | F45: =_xlfn.XLOOKUP( A45, CPI!D:D, CPI!C:C, "", -1 ) -> 4.83 | G45: 29381
A46: 42436 | B46: 29597 | C46: =_xlfn.XLOOKUP(A46, USD!A:A, USD!B:B, "") -> 66.989 | D46: =_xlfn.XLOOKUP(A46, Brent!A:A, Brent!B:B, "") -> 39.02 | E46: 6.75 | F46: =_xlfn.XLOOKUP( A46, CPI!D:D, CPI!C:C, "", -1 ) -> 4.83 | G46: 29519
A47: 42437 | B47: 29819 | C47: =_xlfn.XLOOKUP(A47, USD!A:A, USD!B:B, "") -> 67.313 | D47: =_xlfn.XLOOKUP(A47, Brent!A:A, Brent!B:B, "") -> 39.16 | E47: 6.75 | F47: =_xlfn.XLOOKUP( A47, CPI!D:D, CPI!C:C, "", -1 ) -> 4.83 | G47: 29597
A48: 42438 | B48: 29597 | C48: =_xlfn.XLOOKUP(A48, USD!A:A, USD!B:B, "") -> 67.128 | D48: =_xlfn.XLOOKUP(A48, Brent!A:A, Brent!B:B, "") -> 40.26 | E48: 6.75 | F48: =_xlfn.XLOOKUP( A48, CPI!D:D, CPI!C:C, "", -1 ) -> 4.83 | G48: 29819
A49: 42439 | B49: 29928 | C49: =_xlfn.XLOOKUP(A49, USD!A:A, USD!B:B, "") -> 67.302 | D49: =_xlfn.XLOOKUP(A49, Brent!A:A, Brent!B:B, "") -> 38.63 | E49: 6.75 | F49: =_xlfn.XLOOKUP( A49, CPI!D:D, CPI!C:C, "", -1 ) -> 4.83 | G49: 29597
A50: 42440 | B50: 29504 | C50: =_xlfn.XLOOKUP(A50, USD!A:A, USD!B:B, "") -> 66.921 | D50: =_xlfn.XLOOKUP(A50, Brent!A:A, Brent!B:B, "") -> 39.41 | E50: 6.75 | F50: =_xlfn.XLOOKUP( A50, CPI!D:D, CPI!C:C, "", -1 ) -> 4.83 | G50: 29928
A51: 42443 | B51: 29204 | C51: =_xlfn.XLOOKUP(A51, USD!A:A, USD!B:B, "") -> 67.138 | D51: =_xlfn.XLOOKUP(A51, Brent!A:A, Brent!B:B, "") -> 38.06 | E51: 6.75 | F51: =_xlfn.XLOOKUP( A51, CPI!D:D, CPI!C:C, "", -1 ) -> 4.83 | G51: 29504
A52: 42444 | B52: 29050 | C52: =_xlfn.XLOOKUP(A52, USD!A:A, USD!B:B, "") -> 67.372 | D52: =_xlfn.XLOOKUP(A52, Brent!A:A, Brent!B:B, "") -> 37.49 | E52: 6.75 | F52: =_xlfn.XLOOKUP( A52, CPI!D:D, CPI!C:C, "", -1 ) -> 4.83 | G52: 29204
A53: 42445 | B53: 28970 | C53: =_xlfn.XLOOKUP(A53, USD!A:A, USD!B:B, "") -> 67.173 | D53: =_xlfn.XLOOKUP(A53, Brent!A:A, Brent!B:B, "") -> 38.38 | E53: 6.75 | F53: =_xlfn.XLOOKUP( A53, CPI!D:D, CPI!C:C, "", -1 ) -> 4.83 | G53: 29050
... A62: 42459 | B62: 28301 | C62: =_xlfn.XLOOKUP(A62, USD!A:A, USD!B:B, "") -> 66.375 | D62: =_xlfn.XLOOKUP(A62, Brent!A:A, Brent!B:B, "") -> 36.75 | E62: 6.75 | F62: =_xlfn.XLOOKUP( A62, CPI!D:D, CPI!C:C, "", -1 ) -> 4.83 | G62: 28616
A63: 42460 | B63: 28441 | C63: =_xlfn.XLOOKUP(A63, USD!A:A, USD!B:B, "") -> 66.255 | D63: =_xlfn.XLOOKUP(A63, Brent!A:A, Brent!B:B, "") -> 36.75 | E63: =_xlfn.XLOOKUP(A63, Repo!A:A, Repo!B:B, "") -> 6.75 | F63: =_xlfn.XLOOKUP( A63, CPI!D:D, CPI!C:C, "", -1 ) -> 4.83 | G63: 28301
A64: 42461 | B64: 28056 | C64: =_xlfn.XLOOKUP(A64, USD!A:A, USD!B:B, "") -> 66.365 | D64: =_xlfn.XLOOKUP(A64, Brent!A:A, Brent!B:B, "") -> 36.42 | E64: 6.5 | F64: =_xlfn.XLOOKUP( A64, CPI!D:D, CPI!C:C, "", -1 ) -> 5.47 | G64: 28441
A65: 42464 | B65: 28086 | C65: =_xlfn.XLOOKUP(A65, USD!A:A, USD!B:B, "") -> 66.106 | D65: =_xlfn.XLOOKUP(A65, Brent!A:A, Brent!B:B, "") -> 36.05 | E65: 6.5 | F65: =_xlfn.XLOOKUP( A65, CPI!D:D, CPI!C:C, "", -1 ) -> 5.47 | G65: 28056
A66: 42465 | B66: 28562 | C66: =_xlfn.XLOOKUP(A66, USD!A:A, USD!B:B, "") -> 66.422 | D66: =_xlfn.XLOOKUP(A66, Brent!A:A, Brent!B:B, "") -> 35.88 | E66: 6.5 | F66: =_xlfn.XLOOKUP( A66, CPI!D:D, CPI!C:C, "", -1 ) -> 5.47 | G66: 28086
A67: 42466 | B67: 28571 | C67: =_xlfn.XLOOKUP(A67, USD!A:A, USD!B:B, "") -> 66.517 | D67: =_xlfn.XLOOKUP(A67, Brent!A:A, Brent!B:B, "") -> 37.77 | E67: 6.5 | F67: =_xlfn.XLOOKUP( A67, CPI!D:D, CPI!C:C, "", -1 ) -> 5.47 | G67: 28562
A68: 42467 | B68: 28972 | C68: =_xlfn.XLOOKUP(A68, USD!A:A, USD!B:B, "") -> 66.757 | D68: =_xlfn.XLOOKUP(A68, Brent!A:A, Brent!B:B, "") -> 37.15 | E68: 6.5 | F68: =_xlfn.XLOOKUP( A68, CPI!D:D, CPI!C:C, "", -1 ) -> 5.47 | G68: 28571
A69: 42468 | B69: 29047 | C69: =_xlfn.XLOOKUP(A69, USD!A:A, USD!B:B, "") -> 66.551 | D69: =_xlfn.XLOOKUP(A69, Brent!A:A, Brent!B:B, "") -> 40.71 | E69: 6.5 | F69: =_xlfn.XLOOKUP( A69, CPI!D:D, CPI!C:C, "", -1 ) -> 5.47 | G69: 28972
A70: 42471 | B70: 29254 | C70: =_xlfn.XLOOKUP(A70, USD!A:A, USD!B:B, "") -> 66.287 | D70: =_xlfn.XLOOKUP(A70, Brent!A:A, Brent!B:B, "") -> 41.58 | E70: 6.5 | F70: =_xlfn.XLOOKUP( A70, CPI!D:D, CPI!C:C, "", -1 ) -> 5.47 | G70: 29047
A71: 42472 | B71: 29250 | C71: =_xlfn.XLOOKUP(A71, USD!A:A, USD!B:B, "") -> 66.283 | D71: =_xlfn.XLOOKUP(A71, Brent!A:A, Brent!B:B, "") -> 43.02 | E71: 6.5 | F71: =_xlfn.XLOOKUP( A71, CPI!D:D, CPI!C:C, "", -1 ) -> 5.47 | G71: 29254
A72: 42473 | B72: 29128 | C72: =_xlfn.XLOOKUP(A72, USD!A:A, USD!B:B, "") -> 66.496 | D72: =_xlfn.XLOOKUP(A72, Brent!A:A, Brent!B:B, "") -> 42.81 | E72: 6.5 | F72: =_xlfn.XLOOKUP( A72, CPI!D:D, CPI!C:C, "", -1 ) -> 5.47 | G72: 29250
A73: 42474 | B73: 28731 | C73: =_xlfn.XLOOKUP(A73, USD!A:A, USD!B:B, "") -> 66.597 | D73: =_xlfn.XLOOKUP(A73, Brent!A:A, Brent!B:B, "") -> 43.02 | E73: 6.5 | F73: =_xlfn.XLOOKUP( A73, CPI!D:D, CPI!C:C, "", -1 ) -> 5.47 | G73: 29128
A74: 42475 | B74: 28918 | C74: =_xlfn.XLOOKUP(A74, USD!A:A, USD!B:B, "") -> 66.66 | D74: =_xlfn.XLOOKUP(A74, Brent!A:A, Brent!B:B, "") -> 41.32 | E74: 6.5 | F74: =_xlfn.XLOOKUP( A74, CPI!D:D, CPI!C:C, "", -1 ) -> 5.47 | G74: 28731
A75: 42478 | B75: 28935 | C75: =_xlfn.XLOOKUP(A75, USD!A:A, USD!B:B, "") -> 66.416 | D75: =_xlfn.XLOOKUP(A75, Brent!A:A, Brent!B:B, "") -> 41.64 | E75: 6.5 | F75: =_xlfn.XLOOKUP( A75, CPI!D:D, CPI!C:C, "", -1 ) -> 5.47 | G75: 28918
... A84: 42489 | B84: 30138 | C84: =_xlfn.XLOOKUP(A84, USD!A:A, USD!B:B, "") -> 66.425 | D84: =_xlfn.XLOOKUP(A84, Brent!A:A, Brent!B:B, "") -> 45.64 | E84: 6.5 | F84: =_xlfn.XLOOKUP( A84, CPI!D:D, CPI!C:C, "", -1 ) -> 5.47 | G84: 29627
A85: 42492 | B85: 30213 | C85: =_xlfn.XLOOKUP(A85, USD!A:A, USD!B:B, "") -> 66.346 | D85: =_xlfn.XLOOKUP(A85, Brent!A:A, Brent!B:B, "") -> 45.82 | E85: =_xlfn.XLOOKUP( A85, Repo!A:A, Repo!B:B, "", -1 ) -> 6.5 | F85: =_xlfn.XLOOKUP( A85, CPI!D:D, CPI!C:C, "", -1 ) -> 5.76 | G85: 30138
A86: 42493 | B86: 30154 | C86: =_xlfn.XLOOKUP(A86, USD!A:A, USD!B:B, "") -> 66.558 | D86: =_xlfn.XLOOKUP(A86, Brent!A:A, Brent!B:B, "") -> 43.09 | E86: =_xlfn.XLOOKUP( A86, Repo!A:A, Repo!B:B, "", -1 ) -> 6.5 | F86: =_xlfn.XLOOKUP( A86, CPI!D:D, CPI!C:C, "", -1 ) -> 5.76 | G86: 30213
A87: 42494 | B87: 29934 | C87: =_xlfn.XLOOKUP(A87, USD!A:A, USD!B:B, "") -> 66.627 | D87: =_xlfn.XLOOKUP(A87, Brent!A:A, Brent!B:B, "") -> 43.08 | E87: =_xlfn.XLOOKUP( A87, Repo!A:A, Repo!B:B, "", -1 ) -> 6.5 | F87: =_xlfn.XLOOKUP( A87, CPI!D:D, CPI!C:C, "", -1 ) -> 5.76 | G87: 30154
A88: 42495 | B88: 29868 | C88: =_xlfn.XLOOKUP(A88, USD!A:A, USD!B:B, "") -> 66.558 | D88: =_xlfn.XLOOKUP(A88, Brent!A:A, Brent!B:B, "") -> 44.39 | E88: =_xlfn.XLOOKUP( A88, Repo!A:A, Repo!B:B, "", -1 ) -> 6.5 | F88: =_xlfn.XLOOKUP( A88, CPI!D:D, CPI!C:C, "", -1 ) -> 5.76 | G88: 29934
A89: 42496 | B89: 30366 | C89: =_xlfn.XLOOKUP(A89, USD!A:A, USD!B:B, "") -> 66.6 | D89: =_xlfn.XLOOKUP(A89, Brent!A:A, Brent!B:B, "") -> 44.6 | E89: =_xlfn.XLOOKUP( A89, Repo!A:A, Repo!B:B, "", -1 ) -> 6.5 | F89: =_xlfn.XLOOKUP( A89, CPI!D:D, CPI!C:C, "", -1 ) -> 5.76 | G89: 29868
A90: 42499 | B90: 29805 | C90: =_xlfn.XLOOKUP(A90, USD!A:A, USD!B:B, "") -> 66.752 | D90: =_xlfn.XLOOKUP(A90, Brent!A:A, Brent!B:B, "") -> 42.43 | E90: =_xlfn.XLOOKUP( A90, Repo!A:A, Repo!B:B, "", -1 ) -> 6.5 | F90: =_xlfn.XLOOKUP( A90, CPI!D:D, CPI!C:C, "", -1 ) -> 5.76 | G90: 30366
A91: 42500 | B91: 29785 | C91: =_xlfn.XLOOKUP(A91, USD!A:A, USD!B:B, "") -> 66.631 | D91: =_xlfn.XLOOKUP(A91, Brent!A:A, Brent!B:B, "") -> 44.01 | E91: =_xlfn.XLOOKUP( A91, Repo!A:A, Repo!B:B, "", -1 ) -> 6.5 | F91: =_xlfn.XLOOKUP( A91, CPI!D:D, CPI!C:C, "", -1 ) -> 5.76 | G91: 29805
A92: 42501 | B92: 29933 | C92: =_xlfn.XLOOKUP(A92, USD!A:A, USD!B:B, "") -> 66.561 | D92: =_xlfn.XLOOKUP(A92, Brent!A:A, Brent!B:B, "") -> 46.08 | E92: =_xlfn.XLOOKUP( A92, Repo!A:A, Repo!B:B, "", -1 ) -> 6.5 | F92: =_xlfn.XLOOKUP( A92, CPI!D:D, CPI!C:C, "", -1 ) -> 5.76 | G92: 29785
A93: 42502 | B93: 29904 | C93: =_xlfn.XLOOKUP(A93, USD!A:A, USD!B:B, "") -> 66.757 | D93: =_xlfn.XLOOKUP(A93, Brent!A:A, Brent!B:B, "") -> 46.43 | E93: =_xlfn.XLOOKUP( A93, Repo!A:A, Repo!B:B, "", -1 ) -> 6.5 | F93: =_xlfn.XLOOKUP( A93, CPI!D:D, CPI!C:C, "", -1 ) -> 5.76 | G93: 29933
A94: 42503 | B94: 30023 | C94: =_xlfn.XLOOKUP(A94, USD!A:A, USD!B:B, "") -> 66.855 | D94: =_xlfn.XLOOKUP(A94, Brent!A:A, Brent!B:B, "") -> 47.05 | E94: =_xlfn.XLOOKUP( A94, Repo!A:A, Repo!B:B, "", -1 ) -> 6.5 | F94: =_xlfn.XLOOKUP( A94, CPI!D:D, CPI!C:C, "", -1 ) -> 5.76 | G94: 29904
A95: 42506 | B95: 29963 | C95: =_xlfn.XLOOKUP(A95, USD!A:A, USD!B:B, "") -> 66.844 | D95: =_xlfn.XLOOKUP(A95, Brent!A:A, Brent!B:B, "") -> 48.49 | E95: =_xlfn.XLOOKUP( A95, Repo!A:A, Repo!B:B, "", -1 ) -> 6.5 | F95: =_xlfn.XLOOKUP( A95, CPI!D:D, CPI!C:C, "", -1 ) -> 5.76 | G95: 30023
A96: 42507 | B96: 30045 | C96: =_xlfn.XLOOKUP(A96, USD!A:A, USD!B:B, "") -> 66.825 | D96: =_xlfn.XLOOKUP(A96, Brent!A:A, Brent!B:B, "") -> 48.71 | E96: =_xlfn.XLOOKUP( A96, Repo!A:A, Repo!B:B, "", -1 ) -> 6.5 | F96: =_xlfn.XLOOKUP( A96, CPI!D:D, CPI!C:C, "", -1 ) -> 5.76 | G96: 29963
... A2515: 46024 | B2515: 135793 | C2515: =_xlfn.XLOOKUP(A2515, USD!A:A, USD!B:B, "") -> 90.014 | D2515: =_xlfn.XLOOKUP(A2515, Brent!A:A, Brent!B:B, "") -> 61.98 | E2515: =_xlfn.XLOOKUP( A2515, Repo!A:A, Repo!B:B, "", -1 ) -> 5.5 | F2515: =_xlfn.XLOOKUP( A2515, CPI!D:D, CPI!C:C, "", -1 ) -> 1.33 | G2515: 135454

Sheet USD
A1: Date | B1: Price
A2: 42391 | B2: 67.549
A3: 42394 | B3: 67.755
A4: 42395 | B4: 67.739
A5: 42396 | B5: 68.144
A6: 42397 | B6: 68.053
A7: 42398 | B7: 67.878
A8: 42401 | B8: 67.835
A9: 42402 | B9: 67.975
A10: 42403 | B10: 67.934
A11: 42404 | B11: 67.544
A12: 42405 | B12: 67.81
A13: 42408 | B13: 68.034
... A2611: 46044 | B2611: 91.52

Sheet Brent
A1: observation_date | B1: DCOILBRENTEU
A2: 42373 | B2: 36.28
A3: 42374 | B3: 35.56
A4: 42375 | B4: 33.89
A5: 42376 | B5: 33.57
A6: 42377 | B6: 31.67
A7: 42380 | B7: 30.14
A8: 42381 | B8: 29.14
A9: 42382 | B9: 28.58
A10: 42383 | B10: 28.84
A11: 42384 | B11: 28.8
A12: 42387 | B12: 27.36
A13: 42388 | B13: 27.36
... A31: 42412 | B31: 31.8
A32: 42415
A33: 42416 | B33: 31.09
A34: 42417 | B34: 33.21
A35: 42418 | B35: 33.2
A36: 42419 | B36: 31.66
A37: 42422 | B37: 33.59
A38: 42423 | B38: 31.9
A39: 42424 | B39: 31.5
A40: 42425 | B40: 32.83
A41: 42426 | B41: 35.76
A42: 42429 | B42: 35.92
A43: 42430 | B43: 35.73
A44: 42431 | B44: 36.38
... A60: 42453 | B60: 38.33
A61: 42454
A62: 42457 | B62: 38.33
A63: 42458 | B63: 36.75
A64: 42459 | B64: 36.75
A65: 42460 | B65: 36.75
A66: 42461 | B66: 36.42
A67: 42464 | B67: 36.05
A68: 42465 | B68: 35.88
A69: 42466 | B69: 37.77
A70: 42467 | B70: 37.15
A71: 42468 | B71: 40.71
A72: 42471 | B72: 41.58
A73: 42472 | B73: 43.02
... A106: 42517 | B106: 49.09
A107: 42520
A108: 42521 | B108: 49.26
A109: 42522 | B109: 48.81
A110: 42523 | B110: 49.05
A111: 42524 | B111: 48.5
A112: 42527 | B112: 48.94
A113: 42528 | B113: 49.76
A114: 42529 | B114: 50.73
A115: 42530 | B115: 50.59
A116: 42531 | B116: 49.7
A117: 42534 | B117: 49.36
A118: 42535 | B118: 47.88
A119: 42536 | B119: 47.47
... A256: 42727 | B256: 53.93
A257: 42730
A258: 42731
A259: 42732 | B259: 54.95
A260: 42733 | B260: 54.97
A261: 42734 | B261: 54.96
A262: 42737
A263: 42738 | B263: 55.05
A264: 42739 | B264: 54.57
A265: 42740 | B265: 54.99
A266: 42741 | B266: 55.9
A267: 42744 | B267: 54.39
A268: 42745 | B268: 53.2
A269: 42746 | B269: 53.61
A270: 42747 | B270: 54.51
A271: 42748 | B271: 54.37
A272: 42751 | B272: 54.3
A273: 42752 | B273: 54.68
A274: 42753 | B274: 53.77
... A335: 42838 | B335: 55.05
A336: 42839
A337: 42842 | B337: 54.79
A338: 42843 | B338: 52.6
A339: 42844 | B339: 52.43
A340: 42845 | B340: 50.66
A341: 42846 | B341: 49.93
A342: 42849 | B342: 49.45
A343: 42850 | B343: 49.37
A344: 42851 | B344: 49.99
A345: 42852 | B345: 49.46
A346: 42853 | B346: 49.46
A347: 42856 | B347: 50.41
A348: 42857 | B348: 49.31
... A516: 43091 | B516: 64.61
A517: 43094
A518: 43095
A519: 43096 | B519: 66.03
A520: 43097 | B520: 66.8
A521: 43098 | B521: 66.73
A522: 43101
A523: 43102 | B523: 66.65
A524: 43103 | B524: 67.85
A525: 43104 | B525: 68.73
A526: 43105 | B526: 68.01
A527: 43108 | B527: 68.48
...

Sheet CPI
A1: Year | B1: Month | C1: Combined | D1: Date
A2: 2016 | B2: January | C2: 5.69 | D2: =DATE(A2, MONTH("1-"&B2&"-"&A2), 1) -> 42370
A3: 2016 | B3: February | C3: 5.26 | D3: =DATE(A3, MONTH("1-"&B3&"-"&A3), 1) -> 42401
A4: 2016 | B4: March | C4: 4.83 | D4: =DATE(A4, MONTH("1-"&B4&"-"&A4), 1) -> 42430
A5: 2016 | B5: April | C5: 5.47 | D5: =DATE(A5, MONTH("1-"&B5&"-"&A5), 1) -> 42461
A6: 2016 | B6: May | C6: 5.76 | D6: =DATE(A6, MONTH("1-"&B6&"-"&A6), 1) -> 42491
A7: 2016 | B7: June | C7: 5.77 | D7: =DATE(A7, MONTH("1-"&B7&"-"&A7), 1) -> 42522
A8: 2016 | B8: July | C8: 6.07 | D8: =DATE(A8, MONTH("1-"&B8&"-"&A8), 1) -> 42552
A9: 2016 | B9: August | C9: 5.05 | D9: =DATE(A9, MONTH("1-"&B9&"-"&A9), 1) -> 42583
A10: 2016 | B10: September | C10: 4.39 | D10: =DATE(A10, MONTH("1-"&B10&"-"&A10), 1) -> 42614
A11: 2016 | B11: October | C11: 4.2 | D11: =DATE(A11, MONTH("1-"&B11&"-"&A11), 1) -> 42644
A12: 2016 | B12: November | C12: 3.63 | D12: =DATE(A12, MONTH("1-"&B12&"-"&A12), 1) -> 42675
A13: 2016 | B13: December | C13: 3.41 | D13: =DATE(A13, MONTH("1-"&B13&"-"&A13), 1) -> 42705
... A119: 2025 | B119: December | C119: 1.33 | D119: =DATE(A119, MONTH("1-"&B119&"-"&A119), 1) -> 45992

Sheet Repo
A1: Date | B1: 4.1 Policy Repo Rate
A2: 42400 | B2: 6.75
A3: 42429 | B3: 6.75
A4: 42460 | B4: 6.75
A5: 42490 | B5: 6.5
A6: 42521 | B6: 6.5
A7: 42551 | B7: 6.5
A8: 42582 | B8: 6.5
A9: 42613 | B9: 6.5
A10: 42643 | B10: 6.5
A11: 42674 | B11: 6.25
A12: 42704 | B12: 6.25
A13: 42735 | B13: 6.25
... A120: 45991 | B120: 5.5
